points,clusters,iterations,error_sum
303,2,6,11.397773
303,3,5,7.346644
303,4,11,6.160599
303,5,15,4.522597
303,6,7,3.813054
